id,category,subcategory,name,type,audience,description,url,pricing,region,language,year_founded,status,notes,tags,verified
gov-001,governing_bodies,international,World Aquatics,International Federation,All levels,Sets rules; sanctions World Championships and Olympic qualification across six aquatic disciplines.,https://www.worldaquatics.com,free,global,en,1908,rebranded,Founded 1908 as FINA; rebranded January 2023; HQ Lausanne.,federation;olympics;rules,2026-05
gov-002,governing_bodies,international,LEN - European Aquatics,Continental Federation,All levels,Governs 52 European federations; runs European Aquatics Championships.,https://www.europeanaquatics.org,free,europe,en,1927,active,,federation;europe,2026-05
gov-003,governing_bodies,international,Asia Aquatics,Continental Federation,All levels,Asian Championships and Asian Games aquatics governance.,https://www.asiaaquatics.net,free,asia,en,,rebranded,Rebranded from AASF.,federation;asia,2026-05
gov-004,governing_bodies,international,Africa Aquatics,Continental Federation,All levels,Governs 40+ African federations; African Aquatics Championships.,https://africaaquatics.org,free,africa,en,,rebranded,Formerly CANA. English/French.,federation;africa,2026-05
gov-005,governing_bodies,international,PanAm Aquatics,Continental Federation,All levels,Pan-American Aquatics Championships; governance for the Americas.,https://www.panamaquatics.com,free,americas,en,,rebranded,Formerly ASUA/UANA; inaugural championships 2025 in Medellín.,federation;americas,2026-05
gov-006,governing_bodies,international,Oceania Aquatics,Continental Federation,All levels,Governs 15 Oceania federations.,https://oceaniaaquatics.org,free,oceania,en,1991,active,,federation;oceania,2026-05
gov-007,governing_bodies,international,World Para Swimming,International Federation,Para athletes,Paralympic governance; classification rules and World Championships.,https://www.paralympic.org/swimming,free,global,en,,active,"HQ Bonn, Germany.",federation;para;paralympics,2026-05
gov-008,governing_bodies,international,World Triathlon,International Federation,Triathletes,Governs the swim leg of triathlon as part of multisport rules.,https://www.worldtriathlon.org,free,global,en,,active,HQ Lausanne.,federation;triathlon,2026-05
gov-009,governing_bodies,international,IOC - Olympic Aquatics Portal,Olympic Movement,Public,"Olympic.com portal for aquatics events, history, and athletes.",https://olympics.com/en/sports/aquatics-swimming/,free,global,en,,active,Recognizes World Aquatics as IF.,olympics;history,2026-05
gov-010,governing_bodies,international,International Swimming Hall of Fame (ISHOF),Hall of Fame,"Historians, public","Repository of aquatic history; museum in Fort Lauderdale, FL.",https://ishof.org,free,global,en,1965,active,,history;museum,2026-05
gov-011,governing_bodies,international,International Marathon Swimming Hall of Fame,Hall of Fame,Marathon swimmers,Honors elite open-water and marathon swimmers.,https://www.imshof.org,free,global,en,,active,ISHOF affiliate.,history;open-water,2026-05
gov-012,governing_bodies,international,Marathon Swimmers Federation,Federation,Marathon swimmers,LongSwims database (100K+ swims); Rules of Marathon Swimming.,https://marathonswimmers.org,free,global,en,2012,active,,open-water;marathon,2026-05
gov-013,governing_bodies,international,International Ice Swimming Association,International Federation,Ice swimmers,Ratifies Ice Miles in ≤5°C water; runs Ice Swimming World Championships.,https://internationaliceswimming.com,free,global,en,2009,active,Founded by Ram Barkai.,ice-swim;extreme,2026-05
gov-101,governing_bodies,national,USA Swimming,National Governing Body,All levels,U.S. NGB; runs Olympic Trials and selects U.S. Olympic team.,https://www.usaswimming.org,free,USA,en,1980,active,,federation;usa,2026-05
gov-102,governing_bodies,national,USA Swimming Foundation,Charitable Foundation,Public,501(c)(3) foundation; runs Make a Splash water-safety initiative.,https://www.usaswimming.org/foundation,free,USA,en,2004,active,,foundation;water-safety,2026-05
gov-103,governing_bodies,national,US Paralympics Swimming,Para NGB,Para athletes,U.S. Paralympic swimming arm under USOPC.,https://www.usparaswimming.org,free,USA,en,,active,,para;usa,2026-05
gov-104,governing_bodies,national,NCAA Swimming & Diving,Collegiate Governance,College athletes,Governance and championship structure for U.S. collegiate swimming.,https://www.ncaa.com/sports/swimming-men,free,USA,en,,active,Women's portal: /swimming-women,college;ncaa,2026-05
gov-105,governing_bodies,national,NFHS - National Federation of State High School Associations,High School Governance,High school athletes,U.S. high school sport rules including swimming and diving.,https://www.nfhs.org,free,USA,en,1920,active,,high-school;rules,2026-05
gov-106,governing_bodies,national,NISCA - National Interscholastic Swimming Coaches Association,Coaches Association,HS coaches,U.S. high school swimming coaches association.,https://www.niscaonline.org,mixed,USA,en,,active,,coaches;high-school,2026-05
gov-107,governing_bodies,national,Aquatics GB,National Governing Body,All levels,GB national governing body for elite swimming.,https://www.britishswimming.org,free,GB,en,,rebranded,Rebranded from British Swimming in 2024.,federation;gb,2026-05
gov-108,governing_bodies,national,Swim England,National Federation,All levels,Governing body for swimming in England; world's oldest swim federation.,https://www.swimming.org,free,England,en,1869,active,,federation;england,2026-05
gov-109,governing_bodies,national,Scottish Swimming,National Federation,All levels,Governing body for swimming in Scotland.,https://www.scottishswimming.com,free,Scotland,en,,active,,federation;scotland,2026-05
gov-110,governing_bodies,national,Swim Wales,National Federation,All levels,Governing body for swimming in Wales.,https://www.swimwales.org,free,Wales,en,,active,,federation;wales,2026-05
gov-111,governing_bodies,national,Swim Ireland,National Federation,All levels,All-island governing body for swimming in Ireland.,https://swimireland.ie,free,Ireland,en,,active,,federation;ireland,2026-05
gov-112,governing_bodies,national,Swim Ulster,Regional Federation,All levels,Northern Ireland regional swimming body.,https://www.swimulster.com,free,N. Ireland,en,1893,active,,federation,2026-05
gov-113,governing_bodies,national,Swimming Canada,National Governing Body,All levels,Bilingual NGB for swimming in Canada.,https://www.swimming.ca,free,Canada,en,,active,Bilingual EN/FR.,federation;canada,2026-05
gov-114,governing_bodies,national,Swimming Australia,National Governing Body,All levels,NGB for elite swimming in Australia.,https://www.swimming.org.au,free,Australia,en,,active,,federation;australia,2026-05
gov-115,governing_bodies,national,Swimming New Zealand,National Governing Body,All levels,NGB for swimming in New Zealand.,https://www.swimming.org.nz,free,NZ,en,,active,,federation;new-zealand,2026-05
gov-116,governing_bodies,national,Japan Aquatics,National Federation,All levels,Japan's national aquatic sports federation.,https://aquatics.or.jp,free,Japan,ja,,rebranded,Rebranded from JASF in April 2025.,federation;japan,2026-05
gov-117,governing_bodies,national,Japan Para-Swimming Federation,National Para Federation,Para athletes,Japan's para-swimming governing body.,https://paraswim.jp,free,Japan,ja,,active,,federation;para;japan,2026-05
gov-118,governing_bodies,national,Chinese Swimming Association,National Federation,All levels,China's national swimming association.,https://chinaaquatics.org.cn,free,China,zh,,active,New 2026 portal.,federation;china,2026-05
gov-119,governing_bodies,national,Korea Aquatics,National Federation,All levels,South Korea's national aquatics federation.,https://www.korswim.co.kr,free,S. Korea,ko,,rebranded,Rebranded from KSF in February 2024.,federation;korea,2026-05
gov-120,governing_bodies,national,Singapore Aquatics,National Federation,All levels,Singapore's national aquatics governing body; hosted 2025 Worlds.,https://www.sgaquatics.org.sg,free,Singapore,en,,rebranded,Rebranded from Singapore Swimming Association in July 2023.,federation;singapore,2026-05
gov-121,governing_bodies,national,FFN - Fédération Française de Natation,National Federation,All levels,French national swimming federation.,https://www.ffnatation.fr,free,France,fr,1919,active,,federation;france,2026-05
gov-122,governing_bodies,national,DSV - Deutscher Schwimm-Verband,National Federation,All levels,German swimming federation; ~600K members.,https://www.dsv.de,free,Germany,de,1886,active,,federation;germany,2026-05
gov-123,governing_bodies,national,FIN - Federazione Italiana Nuoto,National Federation,All levels,Italian swimming federation.,https://www.federnuoto.it,free,Italy,it,1899,active,,federation;italy,2026-05
gov-124,governing_bodies,national,KNZB - Royal Dutch Swimming Federation,National Federation,All levels,Dutch national swimming federation.,https://www.knzb.nl,free,Netherlands,nl,1888,active,,federation;netherlands,2026-05
gov-125,governing_bodies,national,MÚSZ - Hungarian Swimming Association,National Federation,All levels,Hungarian national swimming association.,https://musz.hu,free,Hungary,hu,1907,active,English mirror: https://hunswim.com/en,federation;hungary,2026-05
gov-126,governing_bodies,national,All-Russian Swimming Federation,National Federation,All levels,Russian national swimming federation.,https://russwimming.ru,free,Russia,ru,,active,International sanctions limit competition participation.,federation;russia,2026-05
gov-127,governing_bodies,national,CBDA - Confederação Brasileira de Desportos Aquáticos,National Federation,All levels,Brazilian aquatic sports confederation.,https://www.cbda.org.br,free,Brazil,pt,1977,active,,federation;brazil,2026-05
gov-128,governing_bodies,national,Swimming South Africa,National Federation,All levels,National swimming federation of South Africa.,https://swimsa.org,free,South Africa,en,,active,,federation;south-africa,2026-05
lts-001,learn_to_swim,,American Red Cross Learn to Swim,Curriculum,6 mo–adult; 6 levels,U.S. industry-standard learn-to-swim curriculum delivered by certified Water Safety Instructors.,https://www.redcross.org/take-a-class/swimming,paid,USA,en,1914,active,Pricing set by local providers.,lts;water-safety;redcross,2026-05
lts-002,learn_to_swim,,YMCA Swim Lessons,Curriculum,6 mo–adult,Swim Starters / Basics / Strokes pathway; serves over a million children annually.,https://www.ymca.org/what-we-do/healthy-living/water-safety,paid,USA,en,1909,active,Financial assistance available.,lts;water-safety;ymca,2026-05
lts-003,learn_to_swim,,Infant Swimming Resource (ISR),Self-Rescue Curriculum,6 mo–6 yr,Self-Rescue method delivered in 1:1 lessons; over 19 million lessons delivered.,https://www.infantswim.com/,paid,global,en,,active,,lts;infant;self-rescue,2026-05
lts-004,learn_to_swim,,SwimAmerica (ASCA),Curriculum,All ages; 10 levels,ASCA's 900-site U.S. learn-to-swim program; bridges to competitive swimming.,https://www.swimamerica.org/,paid,USA,en,1987,active,,lts;competitive-pathway,2026-05
lts-005,learn_to_swim,,Swim England Learn to Swim Framework,National Framework,Ages 4–11 + adult,England's national 7-stage framework with Pre-School and Adult adaptations.,https://www.swimming.org/learntoswim/,paid,England,en,,active,Delivered through licensed centres.,lts;framework,2026-05
lts-006,learn_to_swim,,AustSwim,Teacher RTO,Swim teachers (cert),Australia's national teacher accreditation; 400K+ teachers trained since 1979.,https://austswim.com.au/,paid,Australia,en,1979,active,RTO ID 104975.,lts;certification,2026-05
lts-007,learn_to_swim,,SWIM Coaches & Teachers Australia,Industry Body,Schools & teachers,Endorses 600+ swim schools; runs SWIMSAFER program.,https://swim.org.au/,paid,Australia,en,,rebranded,Replaces former Swim Australia at swimaustralia.org.au.,lts;australia,2026-05
lts-008,learn_to_swim,,Lifesaving Society Canada - Swim for Life,Curriculum,Parent & Tot–Adult,Canadian national learn-to-swim with embedded Water Smart education.,https://www.lifesavingsociety.com/,paid,Canada,en,,active,Includes Swim to Survive.,lts;water-safety,2026-05
lts-009,learn_to_swim,,British Swim School,Franchise School,3 mo–adult,Survival-first franchise with 5 levels; international footprint.,https://britishswimschool.com/,paid,global,en,1981,active,,lts;franchise,2026-05
lts-010,learn_to_swim,,Goldfish Swim School,Franchise School,4 mo–12 yr,Science of SwimPlay®; 90°F pools; 200+ schools across North America.,https://goldfishswimschool.com/,paid,USA/Canada,en,,active,Top-ranked swim franchise in U.S.,lts;franchise,2026-05
lts-011,learn_to_swim,,SafeSplash + SwimLabs,Franchise School,All ages,Swim lessons combined with video-analysis training labs.,https://www.safesplash.com/,paid,USA,en,,active,NDPA Platinum LTS partner.,lts;video-analysis,2026-05
lts-012,learn_to_swim,,Aqua-Tots,Franchise School,4 mo–12 yr,Indoor 90°F pools; international franchise network.,https://www.aqua-tots.com/,paid,global,en,,active,,lts;franchise,2026-05
lts-013,learn_to_swim,,Royal Life Saving Society UK,Lifesaving Society,All,Founded 1891; certifies ~93% of UK pool lifeguards.,https://www.rlss.org.uk/,mixed,UK,en,1891,active,Royal patronage.,water-safety;lifeguard,2026-05
lts-014,learn_to_swim,,Royal Life Saving Society Australia,Lifesaving Society,All,National non-profit; runs Bronze Medallion and Swim and Survive programs.,https://www.royallifesaving.com.au/,mixed,Australia,en,1894,active,,water-safety;lifeguard,2026-05
lts-015,learn_to_swim,,WHO Drowning Prevention,Public Health Initiative,Global,World Drowning Prevention Day and the Global Status Report 2024 framework.,https://www.who.int/news-room/fact-sheets/detail/drowning,free,global,en,,active,"~300,000 deaths/yr globally.",water-safety;policy,2026-05
lts-016,learn_to_swim,,USA Swimming Foundation Make a Splash,Initiative,Children,Five million children served via 850+ Local Partners since 2007.,https://www.usaswimming.org/foundation,free,USA,en,2007,active,Phillips 66 partner.,water-safety;initiative,2026-05
lts-017,learn_to_swim,,Stop Drowning Now,Curriculum,K–2; communities,Free Safer 3 framework curriculum for educators and communities.,https://www.stopdrowningnow.org/,free,USA,en,,active,Houses Safer 3 Foundation.,water-safety;education,2026-05
lts-018,learn_to_swim,,National Drowning Prevention Alliance (NDPA),Coalition,Public,"Premier U.S. drowning-prevention coalition; ""5 Layers of Protection""; annual conference with AAP.",https://ndpa.org/,mixed,USA,en,,active,"HQ Tustin, CA.",water-safety;coalition,2026-05
lts-019,learn_to_swim,,ZAC Foundation,Foundation,Children 5–9,ZAC Camps via Boys & Girls Clubs in 28 states; helped pass the Virginia Graeme Baker Pool & Spa Safety Act.,https://thezacfoundation.org/,free,USA,en,,active,20K+ children served.,water-safety;foundation,2026-05
lts-020,learn_to_swim,,Pool Safely (CPSC),Government Campaign,Public,U.S. federal water-safety campaign per the Virginia Graeme Baker Pool & Spa Safety Act.,https://www.poolsafely.gov/,free,USA,en,,active,Issued $2.5M+ in 2024 grants.,water-safety;government,2026-05
lts-021,learn_to_swim,,Abbey's Hope Charitable Foundation,Foundation,Children/families,"Drove passage of the VGB Act; runs the ""10,000 Life Jackets"" program.",https://abbeyshope.org/,free,USA,en,,active,Minnesota-based.,water-safety;foundation,2026-05
lts-022,learn_to_swim,,Water Safety USA,Coalition,National coordination,Maintains the U.S. National Water Safety Action Plan 2023–2032 (99 actions).,https://watersafetyusa.org/,free,USA,en,,active,Multi-organization roundtable.,water-safety;coalition,2026-05
lts-023,learn_to_swim,,United States Lifesaving Association,Lifeguard Association,Beach lifeguards,Sets U.S. national lifeguard standards; partners with NOAA on rip-current education.,https://www.usla.org/,mixed,USA,en,1964,active,,water-safety;lifeguard,2026-05
lts-024,learn_to_swim,,Surf Life Saving Australia,Lifesaving Body,Beachgoers,314 clubs and 181K+ members; coastal drowning prevention since 1907.,https://sls.com.au/,mixed,Australia,en,1907,active,715K+ rescues since founding.,water-safety;lifeguard,2026-05
lts-025,learn_to_swim,,International Life Saving Federation,International Body,International orgs,Global coordinating body for lifesaving organizations.,https://www.ilsf.org/,free,global,en,,active,,water-safety;lifeguard,2026-05
tech-001,technique,,GoSwim,Video Library,All; coaches,"3,000+ technique videos featuring 60+ Olympians; USA Swimming partner since 2014.",https://www.goswim.tv,freemium,global,en,,active,Founded by Glenn Mills (1980 USA Olympian).,technique;video,2026-05
tech-002,technique,,Swim Smooth,Methodology + Coaching,"Adults, triathletes","""Swim Types"" methodology; consultants to British Triathlon.",https://www.swimsmooth.com,mixed,global,en,,active,Founders Paul Newsome & Adam Young.,technique;triathlon,2026-05
tech-003,technique,,Swim Smooth GURU,Online Platform,All,Online platform with tailored plans and Stroke Insights.,https://www.swimsmooth.guru/,paid,global,en,,active,Apple Watch / Garmin integration.,technique;platform,2026-05
tech-004,technique,,Effortless Swimming,Coaching + Video,"Adults, triathletes","Stroke analysis, clinics, and membership program; 6,000+ alumni.",https://effortlessswimming.com,mixed,global,en,,active,Founded by Brenton Ford (Melbourne).,technique;video;triathlon,2026-05
tech-005,technique,,MySwimPro,App + Plans,All,"#1 fitness swim app: AI Coach, structured plans, dryland.",https://www.myswimpro.com,freemium,global,en,,active,2.5M+ users; Apple App of the Year 2016.,technique;app;ai,2026-05
tech-006,technique,,U.S. Masters Swimming Resources,Resource Hub,Adults / masters,"Adult learn-to-swim, technique videos, and find-a-coach directory.",https://www.usms.org,mixed,USA,en,,active,Member-based.,technique;masters,2026-05
tech-007,technique,,USA Swimming Athlete Resources,Resource Hub,Age-group → elite,"Athlete development pathway, technique articles, GoSwim partnership.",https://www.usaswimming.org,free,USA,en,,active,,technique;ngb,2026-05
tech-008,technique,,The Race Club,Video + Camps,"Competitive, triathletes",Lane 2/3 video subscription plus camps in Florida and California.,https://theraceclub.com,mixed,USA,en,,active,Gary Hall Jr. & Sr.,technique;camps;video,2026-05
tech-009,technique,,Fitter and Faster Swim Tour,Clinic Series,Age-group,"1,000+ U.S. clinics annually with Olympian clinicians.",https://fitterandfaster.com,paid,USA,en,,active,200K+ alumni.,technique;clinics,2026-05
tech-010,technique,,Skills N' Talents,Video + Camps,All,Coverage of all four strokes plus dryland; international camps.,https://skillswimming.com,mixed,global,en,,active,Uranga brothers.,technique;video,2026-05
tech-011,technique,,YourSwimLog (Olivier Poirier-Leroy),Articles + Books,"Competitive, parents","1,100+ articles; books include Conquer the Pool.",https://www.yourswimlog.com,mixed,global,en,,active,Two-time Olympic Trials qualifier.,technique;blog;books,2026-05
tech-012,technique,,Coach Andrew Sheaff,Coach Education,Coaches,Constraints-led coaching consultancy; Routledge book published 2024.,https://www.coachandrewsheaff.com,paid,global,en,,active,Former University of Virginia coach.,coaching;education,2026-05
tech-013,technique,,Swimming World Magazine - Technique,Magazine Articles,All,Magazine since 1960 with regular technique features.,https://www.swimmingworldmagazine.com,mixed,global,en,1960,active,,technique;magazine,2026-05
tech-014,technique,,"ASCA ""Lessons from the Legends""",Video Series,Coaches,Coach-education video archive on the ASCA YouTube channel.,https://swimmingcoach.org,paid,global,en,,active,ASCA membership required.,coaching;video,2026-05
yt-001,youtube,,Effortless Swimming,YouTube Channel,"Adults, triathletes",Adult freestyle and triathlon technique tutorials.,https://www.youtube.com/@EffortlessSwimming,free,global,en,,active,~422K subscribers (2026-05).,youtube;technique,2026-05
yt-002,youtube,,Skills N' Talents,YouTube Channel,All,All-stroke tutorials plus dryland content.,https://www.youtube.com/channel/UC8wwEsUeTG9cpzvWT5Dsdqw,free,global,en,,active,~986K subscribers.,youtube;technique,2026-05
yt-003,youtube,,MySwimPro,YouTube Channel,All,"Workouts, technique, and training tips.",https://www.youtube.com/@MySwimPro,free,global,en,,active,~400K subscribers.,youtube;training,2026-05
yt-004,youtube,,Fares Ksebati,YouTube Channel,Adults,Personal channel of MySwimPro CEO; lifestyle and tips.,https://www.youtube.com/channel/UChaZYqHG3YPWIHHDmZI7lDw,free,global,en,,active,~1M subscribers.,youtube,2026-05
yt-005,youtube,,GoSwim,YouTube Channel,All,Drills and detailed technique breakdowns.,https://www.youtube.com/@GoSwimTV,free,global,en,,active,~156K subscribers.,youtube;drills,2026-05
yt-006,youtube,,The Race Club,YouTube Channel,Competitive,Underwater technique analysis with Gary Hall Sr.,https://www.youtube.com/@theraceclub,free,global,en,,active,~300K subscribers.,youtube;technique,2026-05
yt-007,youtube,,Swim Smooth,YouTube Channel,"Adults, triathletes",Methodology demonstrations.,https://www.youtube.com/@swimsmooth,free,global,en,,active,Smaller subscriber base than competitors.,youtube,2026-05
yt-008,youtube,,USA Swimming,YouTube Channel,Public,Race videos and athlete content from USA Swimming.,https://www.youtube.com/@USASwimming,free,USA,en,,active,~185K subscribers.,youtube;ngb,2026-05
yt-009,youtube,,World Aquatics,YouTube Channel,Public,Race coverage and athlete features.,https://www.youtube.com/@WorldAquatics,free,global,en,,active,~431K subscribers.,youtube;federation,2026-05
yt-010,youtube,,SwimSwam,YouTube Channel,Public,News and interviews from the SwimSwam team.,https://www.youtube.com/@swimswam,free,global,en,,active,~97K subscribers.,youtube;news,2026-05
yt-011,youtube,,Caeleb Dressel,YouTube Channel,Public,Pro technique vlogs from the Olympic gold medalist.,https://www.youtube.com/@CaelebDressel,free,USA,en,,active,~51K subscribers.,youtube;vlog,2026-05
yt-012,youtube,,Cody Miller,YouTube Channel,Public,Olympic medalist vlog channel.,https://www.youtube.com/@CodyMillerOlympicSwimmer,free,USA,en,,active,Large subscriber base.,youtube;vlog,2026-05
yt-013,youtube,,Michael Andrew Swimming,YouTube Channel,Public,Pro vlog from U.S. Olympian Michael Andrew.,https://www.youtube.com/@MichaelAndrewSwimming,free,USA,en,,active,~62K subscribers.,youtube;vlog,2026-05
yt-014,youtube,,Global Triathlon Network (GTN),YouTube Channel,Triathletes,Triathlon coverage including swim training.,https://www.youtube.com/@gtn,free,global,en,,active,~1.1M subscribers.,youtube;triathlon,2026-05
yt-015,youtube,,Triathlon Taren,YouTube Channel,Triathletes,Triathlon training vlogs.,https://www.youtube.com/@TriathlonTaren,free,global,en,,active,~158–191K subscribers.,youtube;triathlon,2026-05
yt-016,youtube,,Chris Burton Swims,YouTube Channel,Open-water swimmers,Open-water tips and tutorials.,https://www.youtube.com/c/ChrisBurtonSwims,free,global,en,,active,Smaller subscriber base.,youtube;open-water,2026-05
yt-017,youtube,,SWIMVICE (Mandy Bradley),YouTube Channel,All,Tutorials with focus on accessibility.,https://www.youtube.com/@SWIMVICE,free,global,en,,active,~94K subscribers.,youtube;tutorials,2026-05
yt-018,youtube,,SwimUp (Evgeny Lomtev),YouTube Channel,Beginners,Beginner-focused tutorials.,https://www.youtube.com/@SwimUp,free,global,en,,active,Smaller subscriber base.,youtube;beginners,2026-05
yt-019,youtube,,Propulsion Swimming,YouTube Channel,Public,British swimming news and technique features.,https://www.youtube.com/@PropulsionSwimming,free,GB,en,,active,~927K subscribers.,youtube;news,2026-05
yt-020,youtube,,Olivier Poirier-Leroy,YouTube Channel,Competitive,High-performance tips for serious swimmers.,https://www.youtube.com/c/olivierpoirierleroy,free,global,en,,active,Smaller subscriber base.,youtube;competitive,2026-05
yt-021,youtube,,Andrew Sheaff,YouTube Channel,Coaches,Coach-education content from a constraints-led perspective.,https://www.youtube.com/channel/UC7Ad8gZFwkCPaua8FVEzevw,free,global,en,,active,Smaller subscriber base.,youtube;coaching,2026-05
yt-022,youtube,,British Swimming / Aquatics GB,YouTube Channel,Public,Performance highlights from GB athletes.,https://www.youtube.com/@BritishSwimming,free,GB,en,,active,~32K subscribers.,youtube;ngb,2026-05
yt-023,youtube,,Swimnerd,YouTube Channel,"Coaches, meet directors","Pace clocks, scoreboards, meet technology.",https://www.youtube.com/@swimnerd,free,global,en,,active,Niche.,youtube;tech,2026-05
yt-024,youtube,,Swim Channel,YouTube Channel,Public,Swimming lifestyle content.,https://www.youtube.com/@swimchannel,free,global,en,,active,Niche.,youtube,2026-05
yt-025,youtube,,ASCA,YouTube Channel,Coaches,Coach-education videos from ASCA.,https://www.youtube.com/@ASCAcoach,free,global,en,,active,Niche.,youtube;coaching,2026-05
yt-026,youtube,,ISCA,YouTube Channel,Coaches,Coach-education videos from ISCA.,https://www.youtube.com/@SwimISCA,free,global,en,,active,Niche.,youtube;coaching,2026-05
train-001,training_plans,,MySwimPro Workouts and Plans,App / Plans,All,"AI Swim Coach, structured plans, dryland routines.",https://www.myswimpro.com/,freemium,global,en,,active,,training;app,2026-05
train-002,training_plans,,USA Swimming Coaching Resources,Resource Hub,USA-S coaches,"Daily, weekly, and seasonal planning templates.",https://www.usaswimming.org/coaches-leaders/coaching-resources,free,USA,en,,active,Free with USA-S membership.,training;coaches,2026-05
train-003,training_plans,,SwimSwam Workouts,Article Library,All,Coach-submitted workout articles.,https://swimswam.com/category/workouts/,free,global,en,,active,,training;workouts,2026-05
train-004,training_plans,,U.S. Masters Swimming Workout Library,Workout Database,Masters,Hundreds of workouts; integrates with Swim.com.,https://www.usms.org/workout-library,paid,USA,en,,active,USMS member-only.,training;masters,2026-05
train-005,training_plans,,Swim Smooth,Methodology + Plans,All,"Stroke-Type plans, clinics, and squad training.",https://www.swimsmooth.com/,paid,global,en,,active,,training;methodology,2026-05
train-006,training_plans,,TrainingPeaks,Platform,Self-coached & coached,Plan marketplace and performance metrics.,https://www.trainingpeaks.com/,freemium,global,en,,active,$19.99/mo Premium tier.,training;platform,2026-05
train-007,training_plans,,TriDot,Platform,Triathletes,AI-driven triathlon training; IRONMAN partner.,https://www.tridot.com/,paid,global,en,,active,$14.99–$199 per month tiers.,training;triathlon,2026-05
train-008,training_plans,,Garmin Connect Swim Workouts,Platform,Garmin users,Structured workouts; Connect IQ ecosystem.,https://connect.garmin.com/,free,global,en,,active,Free with compatible Garmin device.,training;wearable,2026-05
train-009,training_plans,,Final Surge,Coaching Platform,Coaches/athletes,Plan delivery and marketplace for coaches.,https://www.finalsurge.com/,freemium,global,en,,active,Free + $6.58/mo Premium tier.,training;platform,2026-05
train-010,training_plans,,Commit Swimming,Coaching Platform,Coaches/clubs,Plain-text workout parsing plus team management.,https://www.commitswimming.com/,paid,global,en,,active,$8/mo and up.,training;platform,2026-05
train-011,training_plans,,Effortless Swimming Membership,Membership Program,"Adults, triathletes","8-Week Faster Freestyle, drill library, 5K/10K plans.",https://effortlessswimming.com/,paid,global,en,,active,,training;membership,2026-05
train-012,training_plans,,220 Triathlon Swim Training,Article Library,Triathletes,Free 8-week plans and open-water preparation guides.,https://www.220triathlon.com/training/swim-training,free,global,en,,active,,training;triathlon,2026-05
train-013,training_plans,,TeamUnify / SportsEngine Motion,Club Management,Clubs,"Roster, billing, attendance, and workouts.",https://www.teamunify.com/,paid,USA,en,,active,Club-paid.,training;club,2026-05
train-014,training_plans,,GoSwim app,App,All,Swim evaluator plus full video library.,https://www.goswim.tv/,paid,global,en,,active,Subscription.,training;app;video,2026-05
train-015,training_plans,,Swim Coach App,App,All,Personalized workouts; Apple Watch / Garmin support.,https://swimcoachapp.com/en/,freemium,global,en,,active,,training;app,2026-05
train-016,training_plans,,Swimplan,Workout Generator,Fitness/competitive,Workout generator with parameter controls.,https://swimplan.com/,freemium,global,en,,active,,training;generator,2026-05
train-017,training_plans,,SwimUp.io,App,All,Tracker plus plans with in-app coach chat.,https://swimup.io/,paid,global,en,,active,Subscription.,training;app,2026-05
train-018,training_plans,,USA Swimming Dryland Resources,Resource Hub,Coaches,Dryland safety guidelines and programming guides.,https://www.usaswimming.org/coaches-leaders,free,USA,en,,active,,training;dryland,2026-05
train-019,training_plans,,Beyond the Black Line (Australia),Welfare Program,Teen swimmers,Athlete wellbeing program for teen swimmers.,https://www.beyondtheblackline.com.au/,free,Australia,en,,active,Note: not a workout database despite older directory listings.,welfare;youth,2026-05
app-001,apps,,MySwimPro,Workout App,All,iOS/Android/Apple Watch/Garmin workout app.,https://www.myswimpro.com/,freemium,global,en,,active,,app;workouts,2026-05
app-002,apps,,Swim.com,Tracker + Workouts,All,Workout sync across Apple Watch / Garmin / Wear OS.,https://www.swim.com/,freemium,global,en,,active,Free with Premium tier.,app;tracking,2026-05
app-003,apps,,FORM Smart Swim 2 (Pro/LT),AR Goggles,All,Heads-up display showing pace/HR/stroke; HeadCoach AI.,https://www.formswim.com/,paid,global,en,,active,$149–$329 hardware plus $119/yr subscription.,wearable;ar,2026-05
app-004,apps,,Garmin Connect / Swim 2 / Forerunner / Fenix,Watches,All,"GPS swim tracking, heart rate, SWOLF metric.",https://www.garmin.com,paid,global,en,,active,$249–$899 hardware.,wearable,2026-05
app-005,apps,,Apple Watch + Apple Health,Smartwatch,All,Native watchOS swim tracking.,https://www.apple.com/apple-watch/,paid,global,en,,active,Hardware purchase.,wearable,2026-05
app-006,apps,,Strava,Tracker + Social,All,Logs swim activity from connected devices; social features.,https://www.strava.com/,freemium,global,en,,active,$79.99/yr Premium.,app;social,2026-05
app-007,apps,,Swimmo,Smart Swim Watch,All,Vibration-feedback pace coach.,https://www.swimmo.com/,paid,global,en,,active,~$199 hardware.,wearable,2026-05
app-008,apps,,Speedo On (formerly Pace Club),App,All,Speedo's swim tracking app; status fragmented across regions.,https://www.speedousa.com,free,global,en,,active,Regional fragmentation.,app,2026-05
app-009,apps,,OnForm,Video Analysis,Coaches/athletes,Slow-motion plus chat; modern Coach's Eye replacement on iOS/Android.,https://onform.com/,paid,global,en,,active,$5/mo or $49/yr.,video-analysis;app,2026-05
app-010,apps,,Hudl Technique,Video Analysis,Coaches/athletes,Slow-motion analysis with side-by-side comparison.,https://www.hudl.com/products/technique,paid,global,en,,active,$9.99/mo Elite tier.,video-analysis;app,2026-05
app-011,apps,,Dartfish,Pro Video Analysis,Federations / pros,Federation/Olympic-level video analysis suite.,https://www.dartfish.com/,paid,global,en,,active,"$500–$2,000 license tiers.",video-analysis,2026-05
app-012,apps,,TritonWear,Wearable Analytics,Coaches/athletes,Cap-mounted IMU; live data to coach iPad.,https://www.tritonwear.com/,paid,global,en,,active,$149+/yr per athlete.,wearable;analytics,2026-05
app-013,apps,,Phlex Edge,Goggle Wearable,Competitive,Heart-rate via temple plus AI stroke analytics.,https://phlexswim.com/products/edge,paid,global,en,,active,$199–$299 hardware.,wearable;analytics,2026-05
app-014,apps,,Holoswim 2s/Pro/Go,AR Goggles,All,Holographic heads-up display; no subscription required.,https://www.holoswim.com/,paid,global,en,,active,$199–$329 hardware.,wearable;ar,2026-05
app-015,apps,,Final Surge App,Training Delivery,Coaches/athletes,iOS/Android/Web companion to Final Surge platform.,https://www.finalsurge.com/,freemium,global,en,,active,Free + $6.58/mo Premium.,training;app,2026-05
app-016,apps,,TeamUnify / SportsEngine Motion app,Club Management,Clubs,"Replaces OnDeck app; sunset of OnDeck on Dec 31, 2024.",https://www.teamunify.com/,paid,USA,en,,active,OnDeck retired.,app;club,2026-05
app-017,apps,,USA Swimming App,Membership App,USA-S members,Ticketing and livestream access for USA-S events.,https://www.usaswimming.org/,free,USA,en,,active,Free with USA-S membership.,app;ngb,2026-05
app-018,apps,,Coach's Eye,Video Analysis,Coaches,Discontinued by TechSmith in 2020; replaced by OnForm.,https://onform.com/,varies,global,en,,defunct,Sunsetted 2020.,video-analysis;defunct,2026-05
app-019,apps,,FINIS Smart Goggle,Goggle Wearable,All,"Goggle hardware sunsetted Dec 31, 2025; companion app continues for existing devices.",https://www.finisswim.com/,paid,global,en,,defunct,Hardware retired late 2025.,wearable;defunct,2026-05
book-001,books,,Swimming Fastest,Coaching/Science Book,Coaches,Comprehensive coaching reference covering biomechanics and physiology.,https://us.humankinetics.com/products/swimming-fastest,paid,global,en,2003,active,Author Ernest W. Maglischo. Publisher Human Kinetics. ISBN 978-0736031806.,book;coaching,2026-05
book-002,books,,Swimming Even Faster,Coaching Book,Coaches,Predecessor to Swimming Fastest with substantial coaching detail.,https://www.amazon.com/Swimming-Even-Faster-Ernest-Maglischo/dp/1559340363,paid,global,en,1993,active,Author Ernest W. Maglischo. Publisher Mayfield. ISBN 978-1559340366.,book;coaching,2026-05
book-003,books,,The Swim Coaching Bible Vol. I,Coaching Book,Coaches,Anthology of coaching wisdom from elite practitioners.,https://us.humankinetics.com/products/the-swim-coaching-bible,paid,global,en,2001,active,Editors Hannula & Thornton. ISBN 978-0736036467.,book;coaching,2026-05
book-004,books,,The Swim Coaching Bible Vol. II,Coaching Book,Coaches,Second volume with new contributors and modern approaches.,https://us.humankinetics.com/products/the-swim-coaching-bible-volume-ii,paid,global,en,2012,active,Editors Hannula & Thornton. Human Kinetics.,book;coaching,2026-05
book-005,books,,The Swimming Drill Book,Drill Reference,Coaches/swimmers,Comprehensive catalog of stroke drills.,https://us.humankinetics.com/products/the-swimming-drill-book,paid,global,en,2007,active,Author Ruben Guzman. ISBN 978-0736062510.,book;drills,2026-05
book-006,books,,Total Immersion,Adult/Technique Book,Adult learners,Adult-focused efficient-swimming methodology.,https://www.totalimmersion.net/,paid,global,en,1996,active,Author Terry Laughlin. Publisher Touchstone. ISBN 978-0743253437.,book;adults;technique,2026-05
book-007,books,,Championship Swim Training,Coaching Book,Coaches,Periodization and training systems from a national-team coach.,https://us.humankinetics.com/products/championship-swim-training,paid,global,en,2003,active,Authors Sweetenham & Atkinson. ISBN 978-0736045438.,book;coaching,2026-05
book-008,books,,Swimming Anatomy,Anatomy Book,Athletes/coaches,Stroke-specific anatomical analysis with strength training.,https://us.humankinetics.com/products/swimming-anatomy,paid,global,en,2009,active,Author Ian McLeod. ISBN 978-0736075718.,book;anatomy,2026-05
book-009,books,,The Science of Winning,Physiology Book,Coaches/scientists,Pioneering work on lactate-based training systems.,https://www.scienceofwinning.org/,paid,global,en,2000,active,Author Jan Olbrecht. Self-published.,book;science,2026-05
book-010,books,,Beneath the Surface: My Story,Memoir,General readers,Memoir of Olympic gold medalist Michael Phelps.,https://www.skyhorsepublishing.com/9781683580874/beneath-the-surface/,paid,global,en,2004,active,Author Michael Phelps. Publisher Skyhorse. ISBN 978-1683580874.,book;memoir,2026-05
book-011,books,,The Golden Rules,Mindset Book,General,Coaching mindset book from Phelps' longtime coach.,https://us.macmillan.com/books/9781250059505/thegoldenrules,paid,global,en,2016,active,Author Bob Bowman. Publisher St. Martin's Press. ISBN 978-1250059505.,book;mindset,2026-05
book-012,books,,No Limits,Memoir,General,Phelps' memoir following the 2008 Beijing Olympics.,https://www.simonandschuster.com/books/No-Limits/Michael-Phelps/9781439130728,paid,global,en,2008,active,Author Michael Phelps. Publisher Free Press. ISBN 978-1439130728.,book;memoir,2026-05
book-013,books,,Just Add Water,Memoir,General,Memoir of the most decorated female swimmer in history.,https://www.simonandschuster.com/books/Just-Add-Water/Katie-Ledecky/9781668060209,paid,global,en,2024,active,Author Katie Ledecky. Publisher Simon & Schuster. ISBN 978-1668060209.,book;memoir,2026-05
book-014,books,,Open Water Swimming Manual,Open Water Book,Open-water swimmers,Comprehensive guide to safe and effective open-water swimming.,https://www.penguinrandomhouse.com/books/220796/open-water-swimming-manual-by-lynne-cox/,paid,global,en,2013,active,Author Lynne Cox. Publisher Knopf. ISBN 978-0345806093.,book;open-water,2026-05
book-015,books,,Swimming to Antarctica,Memoir,General,Memoir of long-distance ice swimming pioneer.,https://www.penguinrandomhouse.com/books/91960/swimming-to-antarctica-by-lynne-cox/,paid,global,en,2004,active,Author Lynne Cox. Publisher Knopf. ISBN 978-0156031301.,book;memoir;open-water,2026-05
book-016,books,,"Run, Swim, Throw, Cheat",Sports Science Book,General,Sports science of human performance including swimming.,https://global.oup.com/academic/product/run-swim-throw-cheat-9780199678785,paid,global,en,2012,active,Author Chris Cooper. Publisher Oxford UP. ISBN 978-0199678785.,book;science,2026-05
book-017,books,,Swim Smooth: The Complete Coaching System,Adult/Tri Coaching Book,Coaches/swimmers,Complete book companion to the Swim Smooth methodology.,https://www.wiley.com/en-us/Swim+Smooth-p-9781119963196,paid,global,en,2012,active,Authors Newsome & Young. Publisher Wiley. ISBN 978-1119963196.,book;technique,2026-05
book-018,books,,Breakthrough Swimming,Science/History Book,Coaches/historians,History and science of swimming breakthroughs.,https://us.humankinetics.com/products/breakthrough-swimming,paid,global,en,2002,active,Author Cecil Colwin. ISBN 978-0736037778.,book;history,2026-05
book-019,books,,Swimming Dynamics,Science Book,Coaches,Hydrodynamic principles applied to stroke design.,https://www.amazon.com/Swimming-Dynamics-Winning-Techniques-Training/dp/1570281483,paid,global,en,1999,active,Author Cecil Colwin. ISBN 978-1570281488.,book;science,2026-05
book-020,books,,Swim Speed Secrets,Technique Book,Triathletes,Sprint freestyle technique from Olympic gold medalist.,https://www.velopress.com/books/swim-speed-secrets/,paid,global,en,2012,active,Author Sheila Taormina. ISBN 978-1937715816.,book;technique,2026-05
book-021,books,,Swim Speed Strokes,Technique Book,All,All four strokes for competitive swimmers.,https://www.velopress.com/books/swim-speed-strokes/,paid,global,en,2014,active,Author Sheila Taormina. ISBN 978-1937715212.,book;technique,2026-05
book-022,books,,Swim Speed Workouts,Training Book,Triathletes,Training plans complementing the Speed Secrets methodology.,https://www.velopress.com/books/swim-speed-workouts/,paid,global,en,2013,active,Author Sheila Taormina. ISBN 978-1937715014.,book;training,2026-05
book-023,books,,Why We Swim,Cultural Book,General,Cultural history and meaning of swimming.,https://algonquinbooks.com/titles/why-we-swim/,paid,global,en,2020,active,Author Bonnie Tsui. Publisher Algonquin. ISBN 978-1616207861.,book;culture,2026-05
book-024,books,,Swim: Why We Love the Water,Cultural Book,General,Journalist's exploration of swimming's cultural place.,https://www.publicaffairsbooks.com/titles/lynn-sherr/swim/9781610390460/,paid,global,en,2012,active,Author Lynn Sherr. Publisher PublicAffairs. ISBN 978-1610390460.,book;culture,2026-05
book-025,books,,Haunts of the Black Masseur,History Book,General,Cultural history of swimming through art and literature.,https://www.upress.umn.edu/9780816678754/haunts-of-the-black-masseur/,paid,global,en,1992,active,Author Charles Sprawson. ISBN 978-0140235463.,book;history,2026-05
book-026,books,,Gold in the Water,Narrative Book,General,Inside-look narrative of an Olympic training group.,https://us.macmillan.com/books/9780312311162/goldinthewater,paid,global,en,2001,active,Author P. H. Mullen. Publisher St. Martin's. ISBN 978-0312311162.,book;narrative,2026-05
book-027,books,,Coaching Swimming Successfully,Coaching Book,Coaches,Foundational coaching reference now in second edition.,https://us.humankinetics.com/products/coaching-swimming-successfully,paid,global,en,2003,active,Author Dick Hannula. 2nd edition. ISBN 978-0736046176.,book;coaching,2026-05
book-028,books,,Science of Swimming,Science Book,All,Modern science of swimming performance.,https://www.dk.com/us/book/9780593844328-science-of-swimming/,paid,global,en,2024,active,Author Brett Hawke. Publisher DK. ISBN 978-0593844328.,book;science,2026-05
book-029,books,,The Three-Year Swim Club,History Book,General,Story of Hawaii's underdog 1930s swim team.,https://www.hachettebookgroup.com/titles/julie-checkoway/the-three-year-swim-club/9781455523450/,paid,global,en,2015,active,Author Julie Checkoway. Publisher Grand Central. ISBN 978-1455523450.,book;history,2026-05
book-030,books,,Waterlog,Wild Swimming Book,General,Classic narrative of wild swimming across Britain.,https://www.penguin.co.uk/books/55196/waterlog-by-roger-deakin/9780099282556,paid,global,en,1999,active,Author Roger Deakin. Publisher Vintage. ISBN 978-0099282556.,book;open-water,2026-05
book-031,books,,Relentless Spirit,Memoir,General,Memoir of Olympic gold medalist Missy Franklin and family.,https://www.penguinrandomhouse.com/books/535143/relentless-spirit-by-missy-franklin-dick-franklin-and-dapaige-franklin-with-daniel-paisner/,paid,global,en,2016,active,Authors Missy Franklin et al. Publisher Dutton. ISBN 978-1101984253.,book;memoir,2026-05
book-032,books,,Age Is Just a Number,Memoir,General,Memoir of five-time Olympian Dara Torres.,https://www.penguinrandomhouse.com/books/176091/age-is-just-a-number-by-dara-torres-with-elizabeth-weil/,paid,global,en,2009,active,Author Dara Torres. Publisher Broadway. ISBN 978-0767931502.,book;memoir,2026-05
book-033,books,,A Constraints-Led Approach to Swim Coaching,Coaching Book,Coaches,Modern scholarly application of constraints-led methodology to swimming.,https://www.routledge.com/9781032318899,paid,global,en,2024,active,"Authors Renshaw, Thompson, Hibbert, Mark, Chow. Publisher Routledge.",book;coaching,2026-05
book-034,books,,Swimming Science,Science Book,Coaches/scientists,Edited volume on swimming science.,https://press.uchicago.edu/ucp/books/book/distributed/S/bo30688290.html,paid,global,en,2018,active,Editor G. John Mullen. Publisher U. of Chicago / ICB. ISBN 978-0226385143.,book;science,2026-05
cert-001,certifications,,ASCA Levels 1–5,Coaching Certification,Coaches,American Swimming Coaches Association tiered certification (1 entry → 5 Olympic).,https://swimmingcoach.org/page/certification,paid,USA,en,,active,ASCA membership required.,certification;coaching,2026-05
cert-002,certifications,,USA Swimming Coach Certification (Core/ADM),Coaching Certification,All US club coaches,Mandatory USA Swimming coaching certification with ADM modules.,https://www.usaswimming.org/coaches-leaders/coaches/coach-certification-program,paid,USA,en,,active,Membership and background check required (~$36.50).,certification;coaching,2026-05
cert-003,certifications,,USA Swimming STSC (Safety Training),Safety Certification,Coaches,Mandatory Safety Training for Swim Coaches (USA-S / Red Cross).,https://www.usaswimming.org/coaches-leaders/coaches/coach-safety-requirements,paid,USA,en,,active,,certification;safety,2026-05
cert-004,certifications,,U.S. Paralympics Swimming PSCC L1–3,Para Coach Certification,Para coaches,Tiered Para Swim Coach Certification under USOPC.,https://www.usparaswimming.org/coaching-certification,paid,USA,en,,active,Tiered.,certification;para,2026-05
cert-005,certifications,,Swim England Assistant Coach (Level 1),Coaching Qualification,Entry-level,Entry-level Institute of Swimming coaching qualification.,https://instituteofswimming.org/,paid,England,en,,active,~£390.,certification;coaching,2026-05
cert-006,certifications,,Swim England Coach (Level 2),Coaching Qualification,Independent coach,Level 2 qualification permitting independent coaching.,https://instituteofswimming.org/course-information/swim-england-swimming-coach,paid,England,en,,active,,certification;coaching,2026-05
cert-007,certifications,,Swim England Senior Coach (Level 3),Coaching Qualification,Senior coach,Year-long mentored Level 3 senior coaching qualification.,https://www.swimming.org/sport/swimming-coaching/,paid,England,en,,active,,certification;coaching,2026-05
cert-008,certifications,,USMS ALTS Instructor,Adult LTS Certification,Adult LTS instructor,Adult Learn-to-Swim instructor certification from USMS.,https://www.usms.org/alts-central/alts-instructor-certification,paid,USA,en,,active,USMS membership required.,certification;lts,2026-05
cert-009,certifications,,USMS Coach Certification L1–4,Masters Coaching Certification,Masters coach,Tiered USMS coach certification for masters programs.,https://www.usms.org/coach-central/coach-certification,paid,USA,en,,active,,certification;masters,2026-05
cert-010,certifications,,World Aquatics Coach Certification L1–3,Coaching Certification,National → World,Tiered international coaching credential.,https://www.worldaquatics.com/development/programmes/Athletes-Entourage,paid,global,en,,active,Course free; certification fee $30.,certification;coaching,2026-05
cert-011,certifications,,ISCA Bronze/Silver Shield,Coaching Recognition,Coaches,International Swim Coaches Association tiered shields.,https://swimisca.org/services/,paid,global,en,,active,$75/yr plus course fees.,certification;coaching,2026-05
cert-012,certifications,,STA Level 2,Teacher Qualification,Independent teacher,Swimming Teachers Association independent teacher qualification (UK).,https://www.sta.co.uk/sta-level-2-swimming-teacher-qualification/,paid,UK,en,,active,~£795.,certification;teaching,2026-05
cert-013,certifications,,Australian Swim Coach Course (ASCC),Coaching Certification,Australian coaches,Foundation-to-accredited coaching pathway.,https://swim.org.au/,paid,Australia,en,,active,,certification;coaching,2026-05
cert-014,certifications,,AUSTSWIM Teacher of Swimming & Water Safety,Teaching Certification,Entry-level teacher,Entry-level swim teaching qualification in Australia.,https://austswim.com.au/,paid,Australia,en,,active,,certification;teaching,2026-05
cert-015,certifications,,American Red Cross Lifeguarding (r.24),Lifeguard Certification,15+,Standard American Red Cross lifeguard certification (r.24 revision).,https://www.redcross.org/take-a-class/lifeguarding,paid,USA,en,,active,$250–$400.,certification;lifeguard,2026-05
cert-016,certifications,,American Red Cross Water Safety Instructor (WSI),Instructor Certification,Swim instructor (16+),Foundational U.S. swim instructor certification.,https://www.redcross.org/take-a-class/swimming/water-safety/water-safety-instructor-certification,paid,USA,en,,active,,certification;instructor,2026-05
cert-017,certifications,,YMCA Lifeguard,Lifeguard Certification,15+,YMCA lifeguard certification recognized at Y facilities.,https://www.ymca.org,paid,USA,en,,active,Pricing varies.,certification;lifeguard,2026-05
cert-018,certifications,,Ellis & Associates ILTP,Lifeguard Licensing,Lifeguard license,Facility-based International Lifeguard Training Program.,https://jellis.com/services/lifeguard-certification,paid,USA,en,,active,Facility-based.,certification;lifeguard,2026-05
cert-019,certifications,,StarGuard ELITE,Lifeguard Certification,Lifeguard,Aquatic risk-management lifeguard certification.,https://www.starguardelite.com/,paid,USA,en,,active,,certification;lifeguard,2026-05
cert-020,certifications,,RLSS NPLQ,Lifeguard Qualification,UK pool lifeguards,National Pool Lifeguard Qualification (UK).,https://www.rlss.org.uk/pages/category/lifeguard-courses,paid,UK,en,,active,,certification;lifeguard,2026-05
cert-021,certifications,,NCCP Swimming (Community → Senior),Coaching Certification,All coach levels,Canadian National Coaching Certification Program for swimming.,https://www.swimming.ca/national-coaching-certification-program-nccp/,paid,Canada,en,,active,,certification;coaching,2026-05
cert-022,certifications,,WOWSA Open Water Coaching L1–5,Coaching Certification,Open-water coaches,World Open Water Swimming Association tiered open-water credential.,https://www.openwaterswimming.com,paid,global,en,,active,,certification;open-water,2026-05
cert-023,certifications,,WSCA Professional Swim Coaches Course,Coaching Certification,All,World Swimming Coaches Association professional course.,https://www.wscacoach.org/,paid,global,en,,active,$50–$95 entry tiers.,certification;coaching,2026-05
sci-001,science,,BMS - Biomechanics & Medicine in Swimming Symposium,Conference,Researchers,Quadrennial international symposium; foundational venue for swim science.,https://bms.sport-iat.de/,paid,global,en,,active,XV BMS in 2026: https://www.bms2026.com.br/,science;conference,2026-05
sci-002,science,,Journal of Swimming Research (ASCA),Peer-reviewed Journal,Coaches/researchers,ASCA's peer-reviewed swimming journal with open archive.,https://swimmingcoach.org/page/JSR,free,global,en,,active,Free archive.,science;journal,2026-05
sci-003,science,,PubMed,Research Database,Researchers,U.S. National Library of Medicine biomedical research database.,https://pubmed.ncbi.nlm.nih.gov,free,global,en,,active,,science;database,2026-05
sci-004,science,,"Swimming Science Bulletin (Brent Rushall, SDSU)",Archive,Coaches/researchers,Long-running archive of swimming science briefs.,https://coachsci.sdsu.edu/swim/bullets/table.htm,free,global,en,,active,,science;archive,2026-05
sci-005,science,,International Journal of Aquatic Research and Education (IJARE),Open-access Journal,Researchers,Open-access journal covering aquatic research and education.,https://scholarworks.bgsu.edu/ijare/,free,global,en,,active,,science;journal,2026-05
sci-006,science,,Journal of Strength and Conditioning Research,Peer-reviewed Journal,Researchers,NSCA-affiliated S&C journal with regular swimming articles.,https://journals.lww.com/nsca-jscr,paid,global,en,,active,Subscription.,science;journal,2026-05
sci-007,science,,Journal of Sports Sciences,Peer-reviewed Journal,Researchers,Multidisciplinary sport science journal.,https://www.tandfonline.com/journals/rjsp20,paid,global,en,,active,Subscription.,science;journal,2026-05
sci-008,science,,Swimming Science (G. John Mullen),Blog/Resources,Coaches/athletes,"Practitioner-focused blog covering training, recovery, and rehab.",https://www.swimmingscience.net/,mixed,global,en,,active,,science;blog,2026-05
sci-009,science,,USA Swimming Race Analysis,Reports,Coaches/athletes,USA-S race analysis from major championship meets.,https://swims.usaswimming.org/SWIMSHelp/About_Race_Analysis.htm,free,USA,en,,active,,science;data,2026-05
sci-010,science,,Swim England Race Analysis,Reports,Coaches/athletes,Swim England race-analysis reports from elite competition.,https://www.swimming.org/swimengland/,free,England,en,,active,,science;data,2026-05
sci-011,science,,INSEP,National Sport Institute,Elite athletes / researchers,"Institut national du sport, de l'expertise et de la performance (France).",https://www.insep.fr,free,France,fr,,active,Free informational content.,science;institute,2026-05
sci-012,science,,Australian Institute of Sport,National Sport Institute,Elite athletes / researchers,Australia's national sport institute.,https://www.ais.gov.au,free,Australia,en,,active,,science;institute,2026-05
sci-013,science,,UK Sports Institute,National Sport Institute,Elite athletes / researchers,UK Sports Institute swimming profile (rebranded April 2023).,https://uksportsinstitute.co.uk/profile/swimming/,free,UK,en,,rebranded,Formerly English Institute of Sport.,science;institute,2026-05
sci-014,science,,World Aquatics Knowledge Hub,Federation Resource,All,"World Aquatics' resource library for athletes, coaches, and federations.",https://www.worldaquatics.com/development/aquatics-knowledge-hub,free,global,en,,active,,science;federation,2026-05
sci-015,science,,Olympic Studies Centre / IOC Library,Historical Archive,Researchers,Olympic historical research and library access.,https://library.olympics.com,free,global,en,,active,,history;archive,2026-05
sci-016,science,,Sports Performance Bulletin,Practitioner Magazine,Coaches/athletes,Applied sport science practitioner magazine.,https://www.sportsperformancebulletin.com,paid,global,en,,active,Subscription.,science;magazine,2026-05
sci-017,science,,ResearchGate,Academic Network,Researchers,Academic networking platform with researcher-shared papers.,https://www.researchgate.net,free,global,en,,active,,science;network,2026-05
sci-018,science,,Google Scholar,Search Engine,All,Academic search engine for published research.,https://scholar.google.com,free,global,en,,active,,science;search,2026-05
sci-019,science,,The Sport Journal (USSA),Open-access Journal,Researchers,Open-access journal of the United States Sports Academy.,https://thesportjournal.org,free,global,en,,active,,science;journal,2026-05
news-001,news,,SwimSwam,News + Community,All,Largest English-language swimming news + community.,https://swimswam.com,free,global,en,2012,active,Co-founded by Mel Stewart & Garrett McCaffrey.,news;community,2026-05
news-002,news,,Swimming World Magazine,Magazine,All,Long-running swim magazine covering competition and history.,https://www.swimmingworldmagazine.com,mixed,global,en,1960,active,,news;magazine,2026-05
news-003,news,,FloSwimming,Streaming + News,All,FloSports streaming and news platform for swimming.,https://www.floswimming.com,paid,global,en,,active,FloSports subscription.,news;streaming,2026-05
news-004,news,,State of Swimming,News/Analysis,All,Independent swim journalism by Craig Lord.,https://www.stateofswimming.com,mixed,global,en,,active,Successor to SwimVortex.,news;analysis,2026-05
news-005,news,,Swim England news,Federation News,UK swimmers,Official Swim England news feed.,https://www.swimming.org,free,UK,en,,active,,news;federation,2026-05
news-006,news,,World Aquatics news,Federation News,All,Official World Aquatics news feed.,https://www.worldaquatics.com/news,free,global,en,,active,,news;federation,2026-05
news-007,news,,USA Swimming news,Federation News,USA swimmers,Official USA Swimming news feed.,https://www.usaswimming.org/news,free,USA,en,,active,,news;federation,2026-05
news-008,news,,Reddit r/Swimming,Forum,All,Largest swim-focused subreddit (~300K members).,https://www.reddit.com/r/Swimming,free,global,en,,active,,community;forum,2026-05
news-009,news,,Reddit r/Triathlon,Forum,Triathletes,Triathlon community subreddit covering all three disciplines.,https://www.reddit.com/r/triathlon,free,global,en,,active,,community;forum,2026-05
news-010,news,,Swimmer's Daily,News Aggregator,All,Daily news aggregator from the Faroe Islands.,https://www.swimmersdaily.com,free,global,en,,active,Faroe Islands.,news;aggregator,2026-05
news-011,news,,Swim Wire Media,Newsletter,All,Swim industry newsletter.,https://swimwiremedia.com,free,global,en,,active,,news;newsletter,2026-05
news-012,news,,Swammy Awards (SwimSwam),Annual Awards,Public,SwimSwam's annual awards recognizing achievements in the sport.,https://swimswam.com,free,global,en,2012,active,,awards;news,2026-05
news-013,news,,Slowtwitch,Triathlon News/Forum,Triathletes,"Long-running triathlon news, forum, and reviews.",https://www.slowtwitch.com,free,global,en,1999,active,,news;triathlon,2026-05
news-014,news,,Outdoor Swimmer (UK),Magazine,Open-water swimmers,UK magazine for outdoor and open-water swimmers.,https://outdoorswimmer.com,mixed,UK,en,2011,active,,news;open-water,2026-05
news-015,news,,Aquatics International,Trade Magazine,Pool/facility ops,Trade magazine for pool and aquatic facility operations.,https://www.aquaticsintl.com,free,USA,en,,active,,news;facilities,2026-05
news-016,news,,SwimVortex,News Site (defunct),All,Historic swim journalism site; archive only.,https://www.swimvortex.com,free,global,en,,defunct,Suspended May 2018; successor State of Swimming.,news;defunct,2026-05
pod-001,podcasts,,Inside with Brett Hawke,Podcast,All,Long-running interview podcast with elite swimmers and coaches.,https://www.youtube.com/@brettleehawke,free,global,en,2020,active,Apple/Spotify/YouTube; 700+ episodes since Feb 2020.,podcast;interview,2026-05
pod-002,podcasts,,The Swim Brief,Podcast,All,Weekly swim news and analysis.,https://chrisdcoach.com,free,global,en,2017,active,Host Chris DeSantis.,podcast;news,2026-05
pod-003,podcasts,,Effortless Swimming Podcast,Podcast,"Adults, triathletes",400+ episodes on adult and triathlon swimming.,https://effortlessswimming.com,free,global,en,2015,active,Host Brenton Ford.,podcast;technique,2026-05
pod-004,podcasts,,Swim Chats,Podcast,Open-water swimmers,NZ-based open-water swim podcast.,https://podcasts.apple.com/,free,NZ,en,,active,Host Shona Riddell.,podcast;open-water,2026-05
pod-005,podcasts,,Behind the Blocks,Podcast,All,WiSP Sports show featuring elite athletes.,https://podcasts.apple.com/,free,global,en,2020,active,Host Kaitlin Sandeno.,podcast;interview,2026-05
pod-006,podcasts,,Champion's Mojo,Podcast,Masters,Weekly podcast focused on masters swimming.,https://www.championsmojo.com,free,global,en,,active,Host Kelly Palace.,podcast;masters,2026-05
pod-007,podcasts,,Kick Set,Podcast,USA-S members,Official USA Swimming podcast.,https://www.usaswimming.org/utility/landing-pages/kick-set,free,USA,en,,active,Hosts Matt Barbini & Elizabeth Beisel.,podcast;ngb,2026-05
pod-008,podcasts,,SwimSwam Podcast,Podcast,All,Weekly news podcast from the SwimSwam team.,https://podcasts.apple.com/,free,global,en,,active,Hosts Coleman Hodges & Mel Stewart.,podcast;news,2026-05
pod-009,podcasts,,Unfiltered Waters,Podcast,All,Conversations with elite swimmers from two Olympians.,https://podcasts.apple.com/,free,global,en,2023,active,Hosts Katie Hoff & Missy Franklin.,podcast;interview,2026-05
pod-010,podcasts,,Propulsion Swimming Podcast,Podcast,GB swimmers,British-focused swim podcast on Acast.,https://podcasts.apple.com/,free,GB,en,,active,Hosts Scott Howarth & Dan Woodward.,podcast;gb,2026-05
pod-011,podcasts,,Ultimate Swimmer,Podcast,All,Performance-focused swim podcast.,https://podcasts.apple.com/,free,global,en,,active,Host Josh Davis (3x Olympic gold).,podcast;performance,2026-05
pod-012,podcasts,,MySwimPro Podcast,Podcast,All,Sporadic podcast from MySwimPro team.,https://podcasts.apple.com/,free,global,en,,active,Sporadic release schedule.,podcast,2026-05
pod-013,podcasts,,Tri Swim Coach,Podcast,Triathletes,Triathlon swim-focused podcast.,https://podcasts.apple.com/,free,global,en,,active,Host Kevin Koskella.,podcast;triathlon,2026-05
pod-014,podcasts,,Scientific Triathlon (That Triathlon Show),Podcast,Triathletes,Science-driven triathlon training podcast.,https://scientifictriathlon.com,free,global,en,,active,Host Mikael Eriksson.,podcast;triathlon;science,2026-05
gear-001,gear,,SwimOutlet,Retailer,All,Largest U.S. online swim retailer; curated 12U buyer guides.,https://www.swimoutlet.com,varies,USA,en,,active,,retailer,2026-05
gear-002,gear,,Kiefer,Retailer,All,Long-running U.S. swim retailer (since 1947).,https://www.kiefer.com,varies,USA,en,1947,active,,retailer,2026-05
gear-003,gear,,ProSwimwear,Retailer,All,UK-based competitive swim retailer.,https://www.proswimwear.co.uk,varies,UK,en,,active,,retailer,2026-05
gear-004,gear,,Simply Swim,Retailer,All,UK swim retailer for all levels.,https://www.simplyswim.com,varies,UK,en,,active,,retailer,2026-05
gear-005,gear,,FINIS,Brand,All,Innovation-focused brand; Tempo Trainer Pro.,https://www.finisswim.com,varies,global,en,,active,,brand,2026-05
gear-006,gear,,TYR,Brand,All,Major competitive brand; Thresher and Venzo lines.,https://www.tyr.com,varies,global,en,,active,,brand,2026-05
gear-007,gear,,Speedo USA / Global,Brand,All,Top global swim brand; LZR Pure Intent / Valor lines.,https://www.speedousa.com,varies,global,en,,active,Global site: https://www.speedo.com,brand,2026-05
gear-008,gear,,Arena,Brand,All,Major competitive brand; Carbon Air2 / Primo lines.,https://www.arenawaterinstinct.com,varies,global,en,,active,,brand,2026-05
gear-009,gear,,Mizuno,Brand,All,Competitive swim brand; GX Sonic VI line.,https://www.mizuno.com,varies,global,en,,active,Regional websites.,brand,2026-05
gear-010,gear,,MP Michael Phelps,Brand,All,Phelps-branded line; XCEED goggles.,https://www.michaelphelps.com,varies,global,en,,active,,brand,2026-05
gear-011,gear,,Aqua Sphere,Brand,All,Goggle and gear brand; Vista and Kayenne lines.,https://www.aquasphereswim.com,varies,global,en,,active,,brand,2026-05
gear-012,gear,,Funky Trunks / Funkita,Brand,All,Australian brand known for graphic prints.,https://www.funkytrunks.com,varies,global,en,,active,,brand,2026-05
gear-013,gear,,BlueSeventy,Wetsuits,Triathletes / open water,Wetsuit specialist; Helix and Reaction lines.,https://www.blueseventy.com,varies,global,en,,active,,brand;wetsuit,2026-05
gear-014,gear,,ROKA,Tri Brand,Triathletes,Triathlon brand; Maverick X.3 wetsuit and R1 goggles.,https://www.roka.com,varies,global,en,,active,,brand;triathlon,2026-05
gear-015,gear,,Orca,Tri Brand,Triathletes,New Zealand brand founded 1992.,https://www.orca.com,varies,global,en,1992,active,,brand;triathlon,2026-05
gear-016,gear,,Zone3,Tri Brand,Triathletes,UK triathlon and open-water brand.,https://zone3.com,varies,UK,en,,active,,brand;triathlon,2026-05
gear-017,gear,,HUUB,Tri Brand,Triathletes,UK triathlon brand.,https://huubdesign.com,varies,UK,en,,active,,brand;triathlon,2026-05
gear-018,gear,,Jaked,Race Suit Brand,Competitive,Italian race-suit specialist.,https://www.jaked.com,varies,global,en,,active,,brand;racesuit,2026-05
gear-019,gear,,World Aquatics Approved Swimwear,Reference List,Competitive,Official approved-swimsuit registry from World Aquatics.,https://www.worldaquatics.com,free,global,en,,active,,reference;rules,2026-05
gear-020,gear,,USA Swimming Tech Suit (12U) Restrictions,Reference Document,Coaches/parents,"12-and-under tech-suit restrictions effective Sep 1, 2020.",https://www.usaswimming.org,free,USA,en,,active,"Effective Sep 1, 2020.",reference;rules,2026-05
gear-021,gear,,220 Triathlon,Reviews,Triathletes,UK triathlon magazine since 1989; comprehensive gear reviews.,https://www.220triathlon.com,mixed,UK,en,1989,active,,reviews;triathlon,2026-05
gear-022,gear,,Triathlete Magazine,Reviews,Triathletes,U.S.-based triathlon magazine with regular gear coverage.,https://www.triathlete.com,mixed,global,en,,active,,reviews;triathlon,2026-05
gear-023,gear,,SwimSwam Gear,Reviews,All,Annual tech-suit and goggles reviews.,https://swimswam.com/training/gear/,free,global,en,,active,,reviews,2026-05
gear-024,gear,,DC Rainmaker,Tech Reviews,All,Gold standard for sports tech reviews including swim wearables.,https://www.dcrainmaker.com,free,global,en,,active,,reviews;tech,2026-05
gear-025,gear,,YourSwimLog Gear Guides,Reviews,All,Equipment-focused buyer guides.,https://www.yourswimlog.com/swimming-accessories/,free,global,en,,active,,reviews,2026-05
ow-001,open_water,,Marathon Swimmers Federation,Federation,Marathon swimmers,LongSwims database (100K+ swims since 1875); Rules of Marathon Swimming.,https://marathonswimmers.org,free,global,en,2012,active,,open-water;marathon,2026-05
ow-002,open_water,,World Open Water Swimming Association (WOWSA),Association,Open-water swimmers,Global association; OpenWaterPedia encyclopedia and tiered coach certifications.,https://www.openwaterswimming.com,mixed,global,en,,active,,open-water;association,2026-05
ow-003,open_water,,Channel Swimming Association,Channel Authority,Channel aspirants,Original 1927 English Channel ratification body.,https://www.channelswimmingassociation.com,paid,UK,en,1927,active,,open-water;english-channel,2026-05
ow-004,open_water,,Channel Swimming & Piloting Federation,Channel Authority,Channel aspirants,Alternative English Channel ratification body.,https://cspf.co.uk,paid,UK,en,,active,,open-water;english-channel,2026-05
ow-005,open_water,,Catalina Channel Swimming Federation,Channel Authority,Catalina aspirants,Ratifying body for Catalina Channel crossings.,https://www.swimcatalina.org,paid,USA,en,,active,,open-water;catalina,2026-05
ow-006,open_water,,NYC Swim / NY Open Water,Race Organizer,Open-water swimmers,Manhattan 20 Bridges and other NYC swims.,https://nyopenwater.org,paid,USA,en,,active,,open-water;races,2026-05
ow-007,open_water,,International Marathon Swimming Hall of Fame,Hall of Fame,Public,Honors elite marathon swimmers.,https://www.imshof.org,free,global,en,,active,,open-water;history,2026-05
ow-008,open_water,,International Ice Swimming Association,International Federation,Ice swimmers,Ratifies Ice Miles in ≤5°C water; runs Ice Worlds.,https://internationaliceswimming.com,free,global,en,2009,active,,open-water;ice-swim,2026-05
ow-009,open_water,,International Winter Swimming Association,International Federation,Winter swimmers,Winter swimming governance.,https://iwsa.world,free,global,en,,active,,open-water;winter,2026-05
ow-010,open_water,,Daily News of Open Water Swimming,News Site,Public,Daily news from open-water community (WOWSA).,https://dailynewsofopenwaterswimming.com,free,global,en,,active,,open-water;news,2026-05
ow-011,open_water,,OpenWaterPedia,Encyclopedia,Public,Open-water swimming encyclopedia maintained by WOWSA.,https://openwaterpedia.com,free,global,en,,active,,open-water;reference,2026-05
ow-012,open_water,,Oceans Seven,Challenge,Channel swimmers,Marathon-swimming equivalent of the Seven Summits.,https://en.wikipedia.org/wiki/Oceans_Seven,free,global,en,,active,,open-water;challenge,2026-05
ow-013,open_water,,Outdoor Swimmer (UK),Magazine,Open-water swimmers,UK magazine for outdoor and open-water swimmers since 2011.,https://outdoorswimmer.com,mixed,UK,en,2011,active,,open-water;magazine,2026-05
ow-014,open_water,,Swim England Open Water,Federation Resource,Open-water swimmers,Open-water content from Swim England.,https://www.swimming.org/openwater,free,England,en,,active,,open-water;federation,2026-05
ow-015,open_water,,SwimTrek,Adventure Travel,All,Open-water swimming holidays in 30+ destinations.,https://www.swimtrek.com,paid,global,en,,active,,open-water;travel,2026-05
ow-016,open_water,,Swim the Suck,Race,Distance swimmers,"10-mile Tennessee River race in Chattanooga, TN.",https://swimthesuck.org,paid,USA,en,,active,,open-water;race,2026-05
ow-017,open_water,,Swim Around Key West,Race,Distance swimmers,"12.5-mile circumnavigation race in Key West, FL.",https://swimaroundkeywest.com,paid,USA,en,,active,,open-water;race,2026-05
ow-018,open_water,,Lynne Cox official site,Author,Public,Official site of pioneering open-water swimmer and author.,https://lynnecox.org,free,global,en,,active,,open-water;author,2026-05
ow-019,open_water,,World Aquatics Open Water,Federation,Elite,World Cup and 10K Marathon Swim governance.,https://www.worldaquatics.com/swimming/open-water-swimming,free,global,en,,active,,open-water;federation,2026-05
ow-020,open_water,,FINA / World Aquatics Open Water Rules,Reference Document,All,Official open-water rules document from World Aquatics.,https://www.worldaquatics.com/rules,free,global,en,,active,,open-water;rules,2026-05
tri-001,triathlon,,World Triathlon,International Federation,Triathletes,International federation for triathlon and multisport.,https://www.worldtriathlon.org,free,global,en,,active,,triathlon;federation,2026-05
tri-002,triathlon,,USA Triathlon,National Federation,US triathletes,U.S. national governing body for triathlon.,https://www.usatriathlon.org,free,USA,en,,active,,triathlon;federation,2026-05
tri-003,triathlon,,British Triathlon,National Federation,GB triathletes,GB national governing body for triathlon.,https://www.britishtriathlon.org,free,GB,en,,active,,triathlon;federation,2026-05
tri-004,triathlon,,Triathlon Australia,National Federation,AUS triathletes,Australia's national triathlon federation.,https://www.triathlon.org.au,free,Australia,en,,active,,triathlon;federation,2026-05
tri-005,triathlon,,Slowtwitch,News + Forum,Triathletes,"Long-running triathlon news, forum, and reviews.",https://www.slowtwitch.com,free,global,en,1999,active,,triathlon;news,2026-05
tri-006,triathlon,,BeginnerTriathlete,Forum + Plans,New triathletes,Beginner-friendly community and training plans.,https://www.beginnertriathlete.com,freemium,global,en,,active,,triathlon;beginners,2026-05
tri-007,triathlon,,Effortless Swimming for Triathletes,Coaching Program,Triathletes,Triathlon-specific stroke-analysis and membership program.,https://effortlessswimming.com,mixed,global,en,,active,,triathlon;technique,2026-05
tri-008,triathlon,,Swim Smooth for Triathletes,Methodology,Triathletes,Swim Smooth's triathlon-focused content; British Triathlon partner.,https://www.swimsmooth.com,mixed,global,en,,active,,triathlon;technique,2026-05
tri-009,triathlon,,TrainerRoad,Training App,Triathletes/cyclists,Adaptive endurance training; primarily cycling but used by triathletes.,https://www.trainerroad.com,paid,global,en,,active,,triathlon;training,2026-05
tri-010,triathlon,,TriDot,AI Training Platform,Triathletes,AI-driven triathlon training; IRONMAN partner.,https://www.tridot.com,paid,global,en,,active,,triathlon;training;ai,2026-05
tri-011,triathlon,,220 Triathlon Magazine,Magazine,Triathletes,UK triathlon magazine since 1989.,https://www.220triathlon.com,mixed,UK,en,1989,active,,triathlon;magazine,2026-05
tri-012,triathlon,,IRONMAN Training Plans,Plans,Triathletes,Official IRONMAN training-plan library.,https://www.ironman.com/training,freemium,global,en,,active,,triathlon;plans,2026-05
tri-013,triathlon,,Triathlete Magazine,Magazine,Triathletes,U.S.-based triathlon magazine with training and gear coverage.,https://www.triathlete.com,mixed,global,en,,active,,triathlon;magazine,2026-05
tri-014,triathlon,,Tri Swim Coach,Coaching Program,Triathletes,Triathlon-swim coaching from Kevin Koskella.,https://www.triswimcoach.com,mixed,global,en,,active,,triathlon;coaching,2026-05
tri-015,triathlon,,Scientific Triathlon,Coaching + Podcast,Triathletes,Mikael Eriksson's coaching plus That Triathlon Show podcast.,https://scientifictriathlon.com,mixed,global,en,,active,,triathlon;coaching;podcast,2026-05
mas-001,masters,,U.S. Masters Swimming (USMS),National NGB,Adults 18+,U.S. NGB for adult swimming; ~50K members across 600+ clubs.,https://www.usms.org,paid,USA,en,1970,active,,masters;ngb,2026-05
mas-002,masters,,USMS Coach Certification,Coach Certification,Masters coaches,Tiered USMS coach certification (L1–4).,https://www.usms.org/coach-central,paid,USA,en,,active,,masters;certification,2026-05
mas-003,masters,,Streamlines (USMS Magazine),Member Magazine,USMS members,USMS member magazine.,https://www.usms.org/news/streamlines,paid,USA,en,,active,USMS member benefit.,masters;magazine,2026-05
mas-004,masters,,USMS Records & Top 10,Records Database,Public,USMS national records and Top-10 listings.,https://www.usms.org/comp/records-tt,free,USA,en,,active,,masters;records,2026-05
mas-005,masters,,Swim England Masters,Federation Resource,UK masters,Masters portal from Swim England.,https://www.swimming.org/masters,free,England,en,,active,,masters;federation,2026-05
mas-006,masters,,Aquatics GB Masters,Federation Resource,GB masters,Masters resources from Aquatics GB.,https://www.britishswimming.org/masters,free,GB,en,,active,,masters;federation,2026-05
mas-007,masters,,Masters Swimming Canada,National Federation,Canadian masters,Canadian masters swimming national body.,https://www.mastersswimmingcanada.ca,paid,Canada,en,,active,,masters;federation,2026-05
mas-008,masters,,Swimming Canada Masters,Federation Resource,Canadian masters,Masters portal from Swimming Canada.,https://www.swimming.ca/en/masters/,free,Canada,en,,active,,masters;federation,2026-05
mas-009,masters,,Masters Swimming Australia,National Federation,AUS masters,Australia's masters swimming federation.,https://mastersswimming.org.au,paid,Australia,en,,active,,masters;federation,2026-05
mas-010,masters,,World Aquatics Masters,International Federation,Global masters,World Aquatics Masters Championships and program.,https://www.worldaquatics.com/swimming/masters,free,global,en,,active,,masters;federation,2026-05
mas-011,masters,,LEN Masters,Continental Federation,European masters,European Aquatics Masters Championships.,https://www.europeanaquatics.org,free,europe,en,,active,,masters;europe,2026-05
mas-012,masters,,Masters International Swimming Hall of Fame,Hall of Fame,Public,MISHOF - masters branch of ISHOF.,https://ishof.org/mishof.html,free,global,en,,active,,masters;history,2026-05
mas-013,masters,,Pacific Masters Swimming,USMS LMSC,California masters,Largest USMS Local Masters Swimming Committee (Northern California).,https://www.pacificmasters.org,paid,USA,en,,active,,masters;usa,2026-05
mas-014,masters,,Southern Pacific Masters Swimming,USMS LMSC,SoCal masters,Southern California USMS LMSC.,https://www.spmaswim.org,paid,USA,en,,active,,masters;usa,2026-05
mas-015,masters,,New England Masters Swimming,USMS LMSC,New England masters,USMS LMSC for the New England region.,https://www.nemsswim.com,paid,USA,en,,active,,masters;usa,2026-05
mas-016,masters,,USMS Club Finder,Tool,Public,Search tool for finding USMS workout groups by location.,https://www.usms.org/clubs,free,USA,en,,active,,masters;directory,2026-05
para-001,para,,World Para Swimming,International Federation,Para athletes,Paralympic governance; classification rules and World Championships.,https://www.paralympic.org/swimming,free,global,en,,active,"HQ Bonn, Germany.",para;federation,2026-05
para-002,para,,World Para Swimming Classification Rules (2022),Reference Document,Coaches/classifiers,Official classification rules in effect since 2022.,https://www.paralympic.org/swimming/rules,free,global,en,,active,,para;rules,2026-05
para-003,para,,U.S. Paralympics Swimming,Para NGB,US para athletes,U.S. Paralympic swimming arm under USOPC.,https://www.usparaswimming.org,free,USA,en,,active,,para;usa,2026-05
para-004,para,,Special Olympics Aquatics,Adaptive Sports,Intellectual disability,Adaptive aquatics programming for athletes with intellectual disabilities.,https://www.specialolympics.org/our-work/sports/aquatics,free,global,en,,active,,para;special-olympics,2026-05
para-005,para,,Move United,Adaptive Sports Network,Adaptive athletes,200+ adaptive sport organizations across the U.S.,https://moveunitedsport.org,free,USA,en,,active,Network of chapters.,para;adaptive,2026-05
para-006,para,,Aquatics GB Para,Federation Resource,GB para athletes,Para portal from Aquatics GB.,https://www.britishswimming.org/parasport,free,GB,en,,active,,para;gb,2026-05
para-007,para,,Swim England Para Swimming,Federation Resource,Para athletes,Para swimming pathway from Swim England.,https://www.swimming.org/parapathway,free,England,en,,active,,para;england,2026-05
para-008,para,,Swimming Canada Para,Federation Resource,Canadian para athletes,Para portal from Swimming Canada.,https://www.swimming.ca/en/paraswimming/,free,Canada,en,,active,,para;canada,2026-05
para-009,para,,Canadian Paralympic Committee,National Paralympic Committee,Canadian para athletes,Canada's national Paralympic committee.,https://paralympic.ca,free,Canada,en,,active,,para;canada,2026-05
para-010,para,,Autism Swim,Specialized Program,Autistic individuals + families,Specialized water-safety and swimming program for autistic individuals.,https://autismswim.com,paid,global,en,,active,,para;autism,2026-05
dp-001,drowning_prevention,,CDC Drowning Prevention,Government Resource,Public,Drowning data and prevention resources from the U.S. CDC.,https://www.cdc.gov/drowning/,free,USA,en,,active,,drowning-prevention;policy,2026-05
dp-002,drowning_prevention,,WHO Global Status Report on Drowning Prevention 2024,Report,Researchers/policy,Latest global drowning data and policy framework from WHO.,https://www.who.int/publications/i/item/9789240094703,free,global,en,2024,active,,drowning-prevention;report,2026-05
dp-003,drowning_prevention,,WHO Implementation Guide,Guide,Policy/practitioners,WHO's guide to preventing drowning at scale.,https://www.who.int/publications/i/item/9789240050617,free,global,en,,active,,drowning-prevention;guide,2026-05
dp-004,drowning_prevention,,American Academy of Pediatrics Water Safety,Medical Guidance,Pediatricians/parents,AAP water-safety guidelines for children.,https://www.healthychildren.org/English/safety-prevention/at-play/Pages/Water-Safety-And-Young-Children.aspx,free,USA,en,,active,,drowning-prevention;medical,2026-05
dp-005,drowning_prevention,,Lifesaving Foundation Ireland,Foundation,All,Drowning prevention research and rescue education in Ireland.,https://lifesavingfoundation.ie,free,Ireland,en,,active,,drowning-prevention;foundation,2026-05
dp-006,drowning_prevention,,Surf Life Saving Australia,Lifesaving Body,Beachgoers,Australia's coastal water-safety organization since 1907.,https://sls.com.au,mixed,Australia,en,1907,active,,drowning-prevention;lifesaving,2026-05
dp-007,drowning_prevention,,United States Lifesaving Association,Lifeguard Association,Beach lifeguards,U.S. national lifeguard standards and rip-current education.,https://www.usla.org,mixed,USA,en,1964,active,,drowning-prevention;lifesaving,2026-05
dp-008,drowning_prevention,,Royal Life Saving Society Commonwealth,Lifesaving Society,Commonwealth nations,Royal Life Saving Society UK and Commonwealth.,https://www.rlss.org.uk,mixed,UK,en,1891,active,,drowning-prevention;lifesaving,2026-05
dp-009,drowning_prevention,,International Life Saving Federation,International Body,International orgs,Global coordinating body for lifesaving organizations.,https://www.ilsf.org,free,global,en,,active,,drowning-prevention;international,2026-05
dp-010,drowning_prevention,,U.S. National Water Safety Action Plan,Policy Document,Policy,U.S. national framework with 99 actions for 2023–2032.,https://watersafetyusa.org/the-u-s-national-water-safety-action-plan/,free,USA,en,2023,active,,drowning-prevention;policy,2026-05
dp-011,drowning_prevention,,Safe Kids Worldwide,Foundation,Public,Child injury prevention with substantial water-safety programs.,https://www.safekids.org,free,global,en,,active,,drowning-prevention;foundation,2026-05
rec-001,records,,World Aquatics Rankings,Rankings Database,Public,Official world rankings from World Aquatics.,https://www.worldaquatics.com/swimming/rankings,free,global,en,,active,,records;rankings,2026-05
rec-002,records,,World Aquatics Masters Top 10,Rankings Database,Public,Masters Top-10 listings from World Aquatics.,https://www.worldaquatics.com/swimming/masters,free,global,en,,active,,records;masters,2026-05
rec-003,records,,USA Swimming Times Hub,Times Database,Public,Search portal for USA Swimming times.,https://www.usaswimming.org/times,free,USA,en,,active,,records;usa,2026-05
rec-004,records,,USA Swimming Individual Times Search,Times Database,Public,Individual swimmer times search.,https://swims.usaswimming.org,free,USA,en,,active,,records;usa,2026-05
rec-005,records,,USA Swimming TimesEventRank,Rankings Tool,Public,Event rankings tool.,https://www.usaswimming.org/times,free,USA,en,,active,,records;usa,2026-05
rec-006,records,,USA Swimming World Rankings Tool,Rankings Tool,Public,USA Swimming's tool comparing US athletes to world rankings.,https://www.usaswimming.org/times,free,USA,en,,active,,records;usa,2026-05
rec-007,records,,USA Swimming SWIMS Database,Times Database,Coaches/officials,Official USA Swimming meet results database.,https://swims.usaswimming.org,free,USA,en,,active,,records;usa,2026-05
rec-008,records,,SwimCloud,Times Database,Athletes/recruiters,Times database with college rankings and recruiting tools.,https://www.swimcloud.com,freemium,global,en,,active,,records;rankings,2026-05
rec-009,records,,SwimCloud College Rankings,Rankings,Recruits,U.S. college team rankings (D1/D2/D3/NAIA).,https://www.swimcloud.com/college/,free,USA,en,,active,,records;college,2026-05
rec-010,records,,Swimrankings.net,Times Database,Public,European-focused historical times database.,https://www.swimrankings.net,free,europe,en,,active,,records;europe,2026-05
rec-011,records,,Swim England Results,Times Database,UK swimmers,Times and rankings from Swim England.,https://swimmingresults.org,free,England,en,,active,,records;england,2026-05
rec-012,records,,Aquatics GB Rankings,Rankings,GB swimmers,Aquatics GB rankings portal.,https://www.britishswimming.org/rankings,free,GB,en,,active,,records;gb,2026-05
rec-013,records,,Swimming Canada Records,Records,Canadian swimmers,Swimming Canada records and rankings.,https://www.swimming.ca/en/results-rankings/,free,Canada,en,,active,,records;canada,2026-05
rec-014,records,,Swimming Australia Rankings,Rankings,AUS swimmers,Swimming Australia rankings.,https://www.swimming.org.au,free,Australia,en,,active,,records;australia,2026-05
rec-015,records,,Results Central (Australia),Times Database,AUS swimmers,Australian times database.,https://resultscentral.com.au,free,Australia,en,,active,,records;australia,2026-05
rec-016,records,,Japan Aquatics Results,Results Portal,Japanese swimmers,Japan Aquatics results and rankings.,https://aquatics.or.jp,free,Japan,ja,,active,,records;japan,2026-05
rec-017,records,,Seiko EN Live Results,Live Results,Public,Real-time results provider for major meets.,https://www.seiko-eas.com,free,global,en,,active,,records;live,2026-05
rec-018,records,,Olympics.com Paris 2024 Swimming,Olympic Results,Public,Official Paris 2024 Olympic swimming results.,https://olympics.com/en/paris-2024/sports/swimming,free,global,en,,active,,records;olympics,2026-05
rec-019,records,,Olympedia Swimming,Historical Database,Researchers,Comprehensive Olympic swimming history.,https://www.olympedia.org/sports/SWM,free,global,en,,active,,records;history,2026-05
rec-020,records,,Olympedia World Record Holders,Reference List,Researchers,Olympedia's swimming world-record-holders list.,https://www.olympedia.org/lists/77/manual,free,global,en,,active,,records;history,2026-05
rec-021,records,,USMS Records,Records,USMS members,"USMS national, world, and zone records.",https://www.usms.org/comp/records-tt,free,USA,en,,active,,records;masters,2026-05
rec-022,records,,USMS Top 10,Rankings,USMS members,USMS annual Top-10 listings.,https://www.usms.org/comp/tt/toptimes.php,free,USA,en,,active,,records;masters,2026-05
rec-023,records,,NCAA Division I Men Records,Records,Public,NCAA D1 men's swimming and diving records.,https://www.ncaa.com/sports/swimming-men/d1,free,USA,en,,active,,records;ncaa,2026-05
rec-024,records,,NCAA Division I Women Records,Records,Public,NCAA D1 women's swimming and diving records.,https://www.ncaa.com/sports/swimming-women/d1,free,USA,en,,active,,records;ncaa,2026-05
rec-025,records,,NFHS Records,HS Records,Public,U.S. high-school national records (boys and girls).,https://www.nfhs.org,free,USA,en,,active,,records;high-school,2026-05
rec-026,records,,NISCA,Coaches Association,HS coaches,U.S. high-school swim coaches association with records and All-America lists.,https://www.niscaonline.org,mixed,USA,en,,active,,records;high-school,2026-05
rec-027,records,,nhsswim.net,HS Records Aggregator,Public,U.S. high-school swimming record aggregator.,https://www.nhsswim.net,free,USA,en,,active,,records;high-school,2026-05
rec-028,records,,Swimnerd Live,Live Streaming,Public,Live meet streaming and timing solutions.,https://swimnerd.com,freemium,global,en,,active,,live;tech,2026-05
rec-029,records,,Hy-Tek Meet Manager,Meet Software,Meet directors,Industry-standard meet-management software.,https://hytek.active.com,paid,USA,en,,active,,software;meets,2026-05
rec-030,records,,Meet Mobile,Mobile App,Public,Live meet results app from Active Network.,https://www.active.com/meetmobile,freemium,global,en,,active,,app;meets,2026-05
rec-031,records,,Swim Standards,Time Standards,Public,Looks up qualifying time standards for U.S. championship meets.,https://swimstandards.com,free,USA,en,,active,,records;standards,2026-05
rec-032,records,,International Swimming Hall of Fame,Historical Archive,Public,Aquatic-history archive and museum.,https://ishof.org,free,global,en,1965,active,,history;museum,2026-05
col-001,college,,NCAA Swimming & Diving,Governance,Public,Top-level NCAA portal for swimming and diving.,https://www.ncaa.com/sports/swimming-men,free,USA,en,,active,,college;ncaa,2026-05
col-002,college,,NCAA Division I Men,Division,Recruits,Division I men's swimming and diving listings.,https://www.ncaa.com/sports/swimming-men/d1,free,USA,en,,active,,college;ncaa,2026-05
col-003,college,,NCAA Division III Men,Division,Recruits,Division III men's swimming and diving listings.,https://www.ncaa.com/sports/swimming-men/d3,free,USA,en,,active,,college;ncaa,2026-05
col-004,college,,NAIA Swimming & Diving,Governance,Recruits,NAIA swim and dive championship and team listings.,https://www.naia.org/sports/swim/index,free,USA,en,,active,,college;naia,2026-05
col-005,college,,NJCAA Swimming,Governance,Recruits,Junior-college swimming governance.,https://www.njcaa.org/sports/swim/index,free,USA,en,,active,,college;juco,2026-05
col-006,college,,CSCAA,Coaches Association,College coaches,College Swimming & Diving Coaches Association of America.,https://cscaa.org,mixed,USA,en,,active,,college;coaches,2026-05
col-007,college,,SEC Swimming,Conference,Public,Southeastern Conference swimming.,https://www.secsports.com/sport/swimming,free,USA,en,,active,,college;conference,2026-05
col-008,college,,Big Ten Men's Swimming,Conference,Public,Big Ten men's swimming and diving.,https://bigten.org/sports/m-swim,free,USA,en,,active,,college;conference,2026-05
col-009,college,,Big Ten Women's Swimming,Conference,Public,Big Ten women's swimming and diving.,https://bigten.org/sports/w-swim,free,USA,en,,active,,college;conference,2026-05
col-010,college,,ACC Swimming,Conference,Public,Atlantic Coast Conference swimming.,https://theacc.com/sports/swimming-and-diving,free,USA,en,,active,,college;conference,2026-05
col-011,college,,Big 12 Swimming,Conference,Public,Big 12 Conference swimming.,https://big12sports.com,free,USA,en,,active,,college;conference,2026-05
col-012,college,,Ivy League Swimming,Conference,Public,Ivy League swimming and diving.,https://ivyleague.com/sports/swimming,free,USA,en,,active,,college;conference,2026-05
col-013,college,,AAC Swimming,Conference,Public,American Athletic Conference swimming.,https://theamerican.org,free,USA,en,,active,,college;conference,2026-05
col-014,college,,SwimCloud College Pages,Recruiting Tool,Recruits,Comprehensive college team pages on SwimCloud.,https://www.swimcloud.com/college/,free,USA,en,,active,,college;recruiting,2026-05
col-015,college,,Pac-12 Conference (defunct as power conference 2025-26),Conference,Historical,Pac-12 Conference; power-conference structure dissolved for 2025–26.,https://pac-12.com,free,USA,en,,defunct,Member schools redistributed to Big Ten/ACC/Big 12.,college;defunct,2026-05
rec2-001,recruiting,,SwimCloud Recruiting,Recruiting Tool,Recruits,Times-based recruiting platform with college matching.,https://www.swimcloud.com/recruiting/,freemium,USA,en,,active,,recruiting,2026-05
rec2-002,recruiting,,NCSA Swim Recruiting (Men),Recruiting Service,Recruits,Comprehensive recruiting service for male swimmers.,https://www.ncsasports.org/mens-swimming-recruiting,paid,USA,en,,active,,recruiting,2026-05
rec2-003,recruiting,,NCSA Swim Recruiting (Women),Recruiting Service,Recruits,Comprehensive recruiting service for female swimmers.,https://www.ncsasports.org/womens-swimming-recruiting,paid,USA,en,,active,,recruiting,2026-05
rec2-004,recruiting,,SportsRecruits,Recruiting Tool,Recruits,Recruiting platform connecting athletes to coaches.,https://www.sportsrecruits.com,freemium,USA,en,,active,,recruiting,2026-05
rec2-005,recruiting,,Stack Athlete (formerly STACK Sports),Recruiting Tool,Recruits,All-in-one recruiting and team management tools.,https://www.stacksports.com,freemium,USA,en,,active,,recruiting,2026-05
rec2-006,recruiting,,BeRecruited,Recruiting Tool,Recruits,Long-running recruiting platform.,https://www.berecruited.com,freemium,USA,en,,active,,recruiting,2026-05
rec2-007,recruiting,,ACC Recruits,Recruiting Tool,Recruits,ACC-focused recruiting platform.,https://accrecruits.com,paid,USA,en,,active,,recruiting,2026-05
rec2-008,recruiting,,SwimIntel,Analytics,Recruits/coaches,Recruiting analytics and rankings.,https://swimintel.com,paid,USA,en,,active,,recruiting;analytics,2026-05
rec2-009,recruiting,,Fitter and Faster Swim Camps,Camps,Age-group,U.S. nationwide camps with Olympian clinicians.,https://fitterandfaster.com,paid,USA,en,,active,,camps,2026-05
rec2-010,recruiting,,Nike Swim Camps,Camps,Age-group,Camps held at university campuses across the U.S.,https://www.ussportscamps.com/swim,paid,USA,en,,active,,camps,2026-05
rec2-011,recruiting,,Nike Stanford Swim Camp,Camp,Age-group,Camp at Stanford University.,https://www.ussportscamps.com/swim/nike/stanford-university,paid,USA,en,,active,,camps;stanford,2026-05
rec2-012,recruiting,,Nike California Swim Camp,Camp,Age-group,Camp at UC Berkeley.,https://www.ussportscamps.com/swim/nike/uc-berkeley,paid,USA,en,,active,,camps;cal,2026-05
rec2-013,recruiting,,Peak Performance Swim Camp,Camp,Competitive,Long-running competitive swim camp.,https://peakperformanceswim.com,paid,USA,en,,active,,camps,2026-05
rec2-014,recruiting,,Total Performance Swim Camp (Kenyon),Camp,Age-group,Camp at Kenyon College.,https://www.totalperformanceswimcamp.com,paid,USA,en,,active,,camps,2026-05
rec2-015,recruiting,,The Race Club Camps,Camps,Competitive,Florida and California performance-focused camps.,https://theraceclub.com/camps/,paid,USA,en,,active,,camps,2026-05
rec2-016,recruiting,,USA Swimming Find a Team,Directory,Public,Tool to locate USA-S clubs nationwide.,https://www.usaswimming.org/find-a-team,free,USA,en,,active,,directory,2026-05
